claim_id,claim_type,incident_cluster_id,settlement_offer_usd,linked_claim_id
CLM0001,AUTO,CLU0001,17752.47,CLM0002
CLM0002,AUTO,CLU0001,17394.83,CLM0001
CLM0003,AUTO,CLU0001,16933.29,CLM0004
CLM0004,AUTO,CLU0001,16564.43,CLM0003
CLM0005,AUTO,CLU0001,17960.48,CLM0006
CLM0006,AUTO,CLU0001,17394.71,CLM0005
CLM0007,AUTO,CLU0001,17685.39,CLM0008
CLM0008,AUTO,CLU0001,17865.51,CLM0007
CLM0009,AUTO,CLU0001,17532.23,CLM0010
CLM0010,AUTO,CLU0001,16784.99,CLM0009
CLM0011,AUTO,CLU0001,17972.22,CLM0012
CLM0012,AUTO,CLU0001,16927.11,CLM0011
CLM0013,AUTO,CLU0001,12638.78,
CLM0014,AUTO,CLU0001,12624.31,
CLM0015,AUTO,CLU0001,12629.97,
CLM0016,AUTO,CLU0001,12610.57,
CLM0017,AUTO,CLU0001,12748.73,
CLM0018,AUTO,CLU0001,12600.58,
CLM0019,AUTO,CLU0001,12681.31,
CLM0020,AUTO,CLU0001,12598.25,
CLM0021,AUTO,CLU0001,12749.30,
CLM0022,AUTO,CLU0001,12743.59,
CLM0023,AUTO,CLU0001,12568.07,
CLM0024,AUTO,CLU0001,12546.58,
CLM0025,AUTO,CLU0001,12708.65,
CLM0026,AUTO,CLU0002,17698.99,CLM0027
CLM0027,AUTO,CLU0002,17537.15,CLM0026
CLM0028,AUTO,CLU0002,17112.78,CLM0029
CLM0029,AUTO,CLU0002,17084.65,CLM0028
CLM0030,AUTO,CLU0002,16697.47,CLM0031
CLM0031,AUTO,CLU0002,17438.25,CLM0030
CLM0032,AUTO,CLU0002,16623.60,CLM0033
CLM0033,AUTO,CLU0002,16911.86,CLM0032
CLM0034,AUTO,CLU0002,17484.18,CLM0035
CLM0035,AUTO,CLU0002,16522.01,CLM0034
CLM0036,AUTO,CLU0002,17751.80,CLM0037
CLM0037,AUTO,CLU0002,16608.60,CLM0036
CLM0038,AUTO,CLU0002,12607.24,
CLM0039,AUTO,CLU0002,12613.97,
CLM0040,AUTO,CLU0002,12518.17,
CLM0041,AUTO,CLU0002,12736.79,
CLM0042,AUTO,CLU0002,12552.29,
CLM0043,AUTO,CLU0002,12601.41,
CLM0044,AUTO,CLU0002,12710.22,
CLM0045,AUTO,CLU0002,12647.09,
CLM0046,AUTO,CLU0003,12517.98,
CLM0047,PROPERTY,CLU0003,28150.28,
CLM0048,PROPERTY,CLU0004,22084.24,
CLM0049,PROPERTY,CLU0005,28133.83,
CLM0050,AUTO,CLU0005,11225.50,
CLM0051,AUTO,CLU0006,9205.54,
CLM0052,AUTO,CLU0006,11427.15,
CLM0053,AUTO,CLU0007,7886.89,
CLM0054,AUTO,CLU0008,8673.43,
CLM0055,AUTO,CLU0008,9570.33,
CLM0056,PROPERTY,CLU0009,24995.71,
CLM0057,PROPERTY,CLU0009,27143.12,
CLM0058,PROPERTY,CLU0010,24624.65,
CLM0059,LIABILITY,CLU0010,65877.95,
CLM0060,PROPERTY,CLU0011,30491.64,
CLM0061,PROPERTY,CLU0011,26128.24,
CLM0062,AUTO,CLU0011,10734.13,
CLM0063,PROPERTY,CLU0012,27101.29,
CLM0064,PROPERTY,CLU0013,30644.93,
CLM0065,LIABILITY,CLU0014,76325.14,
CLM0066,PROPERTY,CLU0015,29653.51,
CLM0067,LIABILITY,CLU0015,61026.19,
CLM0068,LIABILITY,CLU0016,60877.46,
CLM0069,LIABILITY,CLU0017,53948.33,
CLM0070,AUTO,CLU0018,7813.85,
CLM0071,AUTO,CLU0019,8921.15,
CLM0072,PROPERTY,CLU0019,20205.10,
CLM0073,LIABILITY,CLU0020,70720.31,
CLM0074,PROPERTY,CLU0021,29205.04,
CLM0075,PROPERTY,CLU0022,32316.39,
CLM0076,LIABILITY,CLU0022,53520.12,
CLM0077,LIABILITY,CLU0022,76268.35,
CLM0078,PROPERTY,CLU0023,28588.08,
CLM0079,PROPERTY,CLU0024,32688.90,
CLM0080,AUTO,CLU0024,9603.34,
CLM0081,PROPERTY,CLU0025,20476.85,
CLM0082,AUTO,CLU0025,9623.83,
CLM0083,AUTO,CLU0026,10484.82,
CLM0084,LIABILITY,CLU0027,56911.59,
CLM0085,LIABILITY,CLU0028,74307.72,
CLM0086,AUTO,CLU0029,10753.20,
CLM0087,AUTO,CLU0030,8065.90,
CLM0088,AUTO,CLU0031,9710.98,
CLM0089,LIABILITY,CLU0031,59743.30,
CLM0090,AUTO,CLU0032,11530.78,
CLM0091,LIABILITY,CLU0033,58182.39,
CLM0092,AUTO,CLU0034,12603.11,
CLM0093,AUTO,CLU0034,10430.58,
CLM0094,LIABILITY,CLU0034,71835.08,
CLM0095,LIABILITY,CLU0035,67387.61,
CLM0096,AUTO,CLU0036,8490.33,
CLM0097,PROPERTY,CLU0036,28022.80,
CLM0098,AUTO,CLU0036,12042.46,
CLM0099,LIABILITY,CLU0037,70188.46,
CLM0100,LIABILITY,CLU0038,53689.37,
CLM0101,PROPERTY,CLU0039,33067.26,
CLM0102,LIABILITY,CLU0040,56149.03,
CLM0103,LIABILITY,CLU0041,70801.62,
CLM0104,LIABILITY,CLU0041,70469.94,
CLM0105,PROPERTY,CLU0041,21934.37,
CLM0106,PROPERTY,CLU0042,21261.51,
CLM0107,PROPERTY,CLU0043,28140.88,
CLM0108,AUTO,CLU0043,11312.11,
CLM0109,AUTO,CLU0044,9839.62,
CLM0110,PROPERTY,CLU0044,28548.90,
CLM0111,PROPERTY,CLU0045,22568.14,
CLM0112,PROPERTY,CLU0046,24014.97,
CLM0113,PROPERTY,CLU0047,26271.06,
CLM0114,AUTO,CLU0048,7958.92,
CLM0115,AUTO,CLU0049,10398.80,
CLM0116,AUTO,CLU0049,10973.59,
CLM0117,AUTO,CLU0050,8437.84,
CLM0118,PROPERTY,CLU0050,29812.37,
CLM0119,AUTO,CLU0051,12557.13,
CLM0120,AUTO,CLU0051,8780.37,
CLM0121,PROPERTY,CLU0051,30857.80,
CLM0122,PROPERTY,CLU0052,27328.11,
CLM0123,AUTO,CLU0052,8337.06,
CLM0124,AUTO,CLU0053,11564.81,
CLM0125,AUTO,CLU0053,9638.57,
CLM0126,PROPERTY,CLU0054,26141.94,
CLM0127,AUTO,CLU0054,10333.31,
CLM0128,AUTO,CLU0055,8648.73,
CLM0129,AUTO,CLU0055,11338.68,
CLM0130,PROPERTY,CLU0056,31070.51,
CLM0131,LIABILITY,CLU0057,59170.34,
CLM0132,LIABILITY,CLU0058,65256.58,
CLM0133,PROPERTY,CLU0058,22366.30,
CLM0134,PROPERTY,CLU0059,28554.95,
CLM0135,AUTO,CLU0059,8852.76,
CLM0136,PROPERTY,CLU0060,31380.09,
CLM0137,PROPERTY,CLU0060,20247.21,
CLM0138,LIABILITY,CLU0060,61311.13,
CLM0139,PROPERTY,CLU0061,30798.10,
CLM0140,LIABILITY,CLU0062,59437.51,
CLM0141,LIABILITY,CLU0063,58445.61,
CLM0142,AUTO,CLU0063,11352.22,
CLM0143,PROPERTY,CLU0064,27850.58,
CLM0144,AUTO,CLU0064,8718.21,
CLM0145,LIABILITY,CLU0065,46435.52,
CLM0146,AUTO,CLU0065,9858.91,
CLM0147,PROPERTY,CLU0066,28578.14,
CLM0148,AUTO,CLU0066,8449.04,
CLM0149,AUTO,CLU0066,12068.04,
CLM0150,AUTO,CLU0067,11674.21,
CLM0151,PROPERTY,CLU0068,26810.09,
CLM0152,PROPERTY,CLU0068,31667.53,
CLM0153,AUTO,CLU0069,11220.27,
CLM0154,AUTO,CLU0070,8592.41,
CLM0155,PROPERTY,CLU0071,20151.33,
CLM0156,PROPERTY,CLU0071,26208.83,
CLM0157,AUTO,CLU0072,11313.34,
CLM0158,AUTO,CLU0073,10842.87,
CLM0159,AUTO,CLU0073,10183.68,
CLM0160,AUTO,CLU0074,11468.85,
CLM0161,AUTO,CLU0074,10315.21,
CLM0162,AUTO,CLU0074,11720.88,
CLM0163,AUTO,CLU0075,8914.44,
CLM0164,AUTO,CLU0076,8685.11,
CLM0165,LIABILITY,CLU0077,65815.16,
