payment_id,payee,amount,currency,payment_date,acquisition_date
PAY0001,ENT0001,100000.0,USD,2024-06-01,2022-01-01
PAY0002,ENT0002,100000.0,USD,2024-06-01,2022-01-01
PAY0003,ENT0003,100000.0,USD,2024-06-01,2024-01-01
PAY0004,ENT0004,100000.0,USD,2024-06-01,2022-01-01
PAY0005,ENT0006,100000.0,USD,2024-06-01,2022-01-01
PAY0006,ENT0009,300000.0,USD,2024-03-01,2022-01-01
PAY0007,ENT0009,300000.0,USD,2024-07-01,2022-01-01
PAY0008,ENT0010,100000.0,USD,2024-03-01,2022-01-01
PAY0009,ENT0010,100000.0,USD,2024-09-01,2022-01-01
